county_name,state,population
Abbeville County,SC,25417
Acadia Parish,LA,61773
Accomack County,VA,33164
Ada County,ID,392365
Adair County,IA,7682
Adair County,KY,18656
Adair County,MO,25607
Adair County,OK,22683
Adams County,CO,441603
Adams County,IA,4029
Adams County,ID,3976
Adams County,IL,67103
Adams County,IN,34387
Adams County,MS,32297
Adams County,ND,2343
Adams County,NE,31364
Adams County,OH,28550
Adams County,PA,101407
Adams County,WA,18728
Adams County,WI,20875
Addison County,VT,36821
Adjuntas Municipio,PR,19483
Aguada Municipio,PR,41959
Aguadilla Municipio,PR,60949
Aguas Buenas Municipio,PR,28659
Aibonito Municipio,PR,25900
Aiken County,SC,160099
Aitkin County,MN,16202
Alachua County,FL,247336
Alamance County,NC,151131
Alameda County,CA,1510271
Alamosa County,CO,15445
Albany County,NY,304204
Albany County,WY,36299
Albemarle County,VA,98970
Alcona County,MI,10942
Alcorn County,MS,37057
Aleutians East Borough,AK,3141
Aleutians West Census Area,AK,5561
Alexander County,IL,8238
Alexander County,NC,37198
Alexandria city,VA,139966
Alfalfa County,OK,5642
Alger County,MI,9601
Allamakee County,IA,14330
Allegan County,MI,111408
Allegany County,MD,75087
Allegany County,NY,48946
Alleghany County,NC,11155
Alleghany County,VA,16250
Allegheny County,PA,1223348
Allen County,IN,355329
Allen County,KS,13371
Allen County,KY,19956
Allen County,OH,106331
Allen Parish,LA,25764
Allendale County,SC,10419
Alpena County,MI,29598
Alpine County,CA,1175
Amador County,CA,38091
Amelia County,VA,12690
Amherst County,VA,32353
Amite County,MS,13131
Anchorage Municipality,AK,291826
Anderson County,KS,8102
Anderson County,KY,21421
Anderson County,SC,187126
Anderson County,TN,75129
Anderson County,TX,58458
Andrew County,MO,17291
Andrews County,TX,14786
Androscoggin County,ME,107702
Angelina County,TX,86771
Anne Arundel County,MD,537656
Anoka County,MN,330844
Anson County,NC,26948
Antelope County,NE,6685
Antrim County,MI,23580
Apache County,AZ,71518
Appanoose County,IA,12887
Appling County,GA,18236
Appomattox County,VA,14973
Aransas County,TX,23158
Arapahoe County,CO,572003
Archer County,TX,9054
Archuleta County,CO,12084
Arecibo Municipio,PR,96440
Arenac County,MI,15899
Arkansas County,AR,19019
Arlington County,VA,207627
Armstrong County,PA,68941
Armstrong County,TX,1901
Aroostook County,ME,71870
Arroyo Municipio,PR,19575
Arthur County,NE,460
Ascension Parish,LA,107215
Ashe County,NC,27281
Ashland County,OH,53139
Ashland County,WI,16157
Ashley County,AR,21853
Ashtabula County,OH,101497
Asotin County,WA,21623
Assumption Parish,LA,23421
Atascosa County,TX,44911
Atchison County,KS,16924
Atchison County,MO,5685
Athens County,OH,64757
Atkinson County,GA,8375
Atlantic County,NJ,274549
Atoka County,OK,14182
Attala County,MS,19564
Audrain County,MO,25529
Audubon County,IA,6119
Auglaize County,OH,45949
Augusta County,VA,73750
Aurora County,SD,2710
Austin County,TX,28417
Autauga County,AL,54571
Avery County,NC,17797
Avoyelles Parish,LA,42073
Añasco Municipio,PR,29261
Baca County,CO,3788
Bacon County,GA,11096
Bailey County,TX,7165
Baker County,FL,27115
Baker County,GA,3451
Baker County,OR,16134
Baldwin County,AL,182265
Baldwin County,GA,45720
Ballard County,KY,8249
Baltimore County,MD,805029
Baltimore city,MD,620961
Bamberg County,SC,15987
Bandera County,TX,20485
Banks County,GA,18395
Banner County,NE,690
Bannock County,ID,82839
Baraga County,MI,8860
Barber County,KS,4861
Barbour County,AL,27457
Barbour County,WV,16589
Barceloneta Municipio,PR,24816
Barnes County,ND,11066
Barnstable County,MA,215888
Barnwell County,SC,22621
Barranquitas Municipio,PR,30318
Barren County,KY,42173
Barron County,WI,45870
Barrow County,GA,69367
Barry County,MI,59173
Barry County,MO,35597
Bartholomew County,IN,76794
Barton County,KS,27674
Barton County,MO,12402
Bartow County,GA,100157
Bastrop County,TX,74171
Bates County,MO,17049
Bath County,KY,11591
Bath County,VA,4731
Baxter County,AR,41513
Bay County,FL,168852
Bay County,MI,107771
Bayamón Municipio,PR,208116
Bayfield County,WI,15014
Baylor County,TX,3726
Beadle County,SD,17398
Bear Lake County,ID,5986
Beaufort County,NC,47759
Beaufort County,SC,162233
Beauregard Parish,LA,35654
Beaver County,OK,5636
Beaver County,PA,170539
Beaver County,UT,6629
Beaverhead County,MT,9246
Becker County,MN,32504
Beckham County,OK,22119
Bedford County,PA,49762
Bedford County,TN,45058
Bedford County,VA,6222
Bee County,TX,31861
Belknap County,NH,60088
Bell County,KY,28691
Bell County,TX,310235
Belmont County,OH,70400
Beltrami County,MN,44442
Ben Hill County,GA,17634
Benewah County,ID,9285
Bennett County,SD,3431
Bennington County,VT,37125
Benson County,ND,6660
Bent County,CO,6499
Benton County,AR,221339
Benton County,IA,26076
Benton County,IN,8854
Benton County,MN,38451
Benton County,MO,19056
Benton County,MS,8729
Benton County,OR,85579
Benton County,TN,16489
Benton County,WA,175177
Benzie County,MI,17525
Bergen County,NJ,905116
Berkeley County,SC,177843
Berkeley County,WV,104169
Berks County,PA,411442
Berkshire County,MA,131219
Bernalillo County,NM,662564
Berrien County,GA,19286
Berrien County,MI,156813
Bertie County,NC,21282
Bethel Census Area,AK,17013
Bexar County,TX,1714773
Bibb County,AL,22915
Bibb County,GA,155547
Bienville Parish,LA,14353
Big Horn County,MT,12865
Big Horn County,WY,11668
Big Stone County,MN,5269
Billings County,ND,783
Bingham County,ID,45607
Black Hawk County,IA,131090
Blackford County,IN,12766
Bladen County,NC,35190
Blaine County,ID,21376
Blaine County,MT,6491
Blaine County,NE,478
Blaine County,OK,11943
Blair County,PA,127089
Blanco County,TX,10497
Bland County,VA,6824
Bleckley County,GA,13063
Bledsoe County,TN,12876
Blount County,AL,57322
Blount County,TN,123010
Blue Earth County,MN,64013
Boise County,ID,7028
Bolivar County,MS,34145
Bollinger County,MO,12363
Bon Homme County,SD,7070
Bond County,IL,17768
Bonner County,ID,40877
Bonneville County,ID,104234
Boone County,AR,36903
Boone County,IA,26306
Boone County,IL,54165
Boone County,IN,56640
Boone County,KY,118811
Boone County,MO,162642
Boone County,NE,5505
Boone County,WV,24629
Borden County,TX,641
Bosque County,TX,18212
Bossier Parish,LA,116979
Botetourt County,VA,33148
Bottineau County,ND,6429
Boulder County,CO,294567
Boundary County,ID,10972
Bourbon County,KS,15173
Bourbon County,KY,19985
Bowie County,TX,92565
Bowman County,ND,3151
Box Butte County,NE,11308
Box Elder County,UT,49975
Boyd County,KY,49542
Boyd County,NE,2099
Boyle County,KY,28432
Bracken County,KY,8488
Bradford County,FL,28520
Bradford County,PA,62622
Bradley County,AR,11508
Bradley County,TN,98963
Branch County,MI,45248
Brantley County,GA,18411
Braxton County,WV,14523
Brazoria County,TX,313166
Brazos County,TX,194851
Breathitt County,KY,13878
Breckinridge County,KY,20059
Bremer County,IA,24276
Brevard County,FL,543376
Brewster County,TX,9232
Briscoe County,TX,1637
Bristol Bay Borough,AK,997
Bristol County,MA,548285
Bristol County,RI,49875
Bristol city,VA,17835
Broadwater County,MT,5612
Bronx County,NY,1385108
Brooke County,WV,24069
Brookings County,SD,31965
Brooks County,GA,16243
Brooks County,TX,7223
Broome County,NY,200600
Broomfield County,CO,55889
Broward County,FL,1748066
Brown County,IL,6937
Brown County,IN,15242
Brown County,KS,9984
Brown County,MN,25893
Brown County,NE,3145
Brown County,OH,44846
Brown County,SD,36531
Brown County,TX,38106
Brown County,WI,248007
Brule County,SD,5255
Brunswick County,NC,107431
Brunswick County,VA,17434
Bryan County,GA,30233
Bryan County,OK,42416
Buchanan County,IA,20958
Buchanan County,MO,89201
Buchanan County,VA,24098
Buckingham County,VA,17146
Bucks County,PA,625249
Buena Vista County,IA,20260
Buena Vista city,VA,6650
Buffalo County,NE,46102
Buffalo County,SD,1912
Buffalo County,WI,13587
Bullitt County,KY,74319
Bulloch County,GA,70217
Bullock County,AL,10914
Buncombe County,NC,238318
Bureau County,IL,34978
Burke County,GA,23316
Burke County,NC,90912
Burke County,ND,1968
Burleigh County,ND,81308
Burleson County,TX,17187
Burlington County,NJ,448734
Burnet County,TX,42750
Burnett County,WI,15457
Burt County,NE,6858
Butler County,AL,20947
Butler County,IA,14867
Butler County,KS,65880
Butler County,KY,12690
Butler County,MO,42794
Butler County,NE,8395
Butler County,OH,368130
Butler County,PA,183862
Butte County,CA,220000
Butte County,ID,2891
Butte County,SD,10110
Butts County,GA,23655
Cabarrus County,NC,178011
Cabell County,WV,96319
Cabo Rojo Municipio,PR,50917
Cache County,UT,112656
Caddo County,OK,29600
Caddo Parish,LA,254969
Caguas Municipio,PR,142893
Calaveras County,CA,45578
Calcasieu Parish,LA,192768
Caldwell County,KY,12984
Caldwell County,MO,9424
Caldwell County,NC,83029
Caldwell County,TX,38066
Caldwell Parish,LA,10132
Caledonia County,VT,31227
Calhoun County,AL,118572
Calhoun County,AR,5368
Calhoun County,FL,14625
Calhoun County,GA,6694
Calhoun County,IA,9670
Calhoun County,IL,5089
Calhoun County,MI,136146
Calhoun County,MS,14962
Calhoun County,SC,15175
Calhoun County,TX,21381
Calhoun County,WV,7627
Callahan County,TX,13544
Callaway County,MO,44332
Calloway County,KY,37191
Calumet County,WI,48971
Calvert County,MD,88737
Camas County,ID,1117
Cambria County,PA,143679
Camden County,GA,50513
Camden County,MO,44002
Camden County,NC,9980
Camden County,NJ,513657
Cameron County,PA,5085
Cameron County,TX,406220
Cameron Parish,LA,6839
Camp County,TX,12401
Campbell County,KY,90336
Campbell County,SD,1466
Campbell County,TN,40716
Campbell County,VA,54842
Campbell County,WY,46133
Camuy Municipio,PR,35159
Canadian County,OK,115541
Candler County,GA,10998
Cannon County,TN,13801
Canyon County,ID,188923
Canóvanas Municipio,PR,47648
Cape Girardeau County,MO,75674
Cape May County,NJ,97265
Carbon County,MT,10078
Carbon County,PA,65249
Carbon County,UT,21403
Carbon County,WY,15885
Caribou County,ID,6963
Carlisle County,KY,5104
Carlton County,MN,35386
Carolina Municipio,PR,176762
Caroline County,MD,33066
Caroline County,VA,28545
Carroll County,AR,27446
Carroll County,GA,110527
Carroll County,IA,20816
Carroll County,IL,15387
Carroll County,IN,20155
Carroll County,KY,10811
Carroll County,MD,167134
Carroll County,MO,9295
Carroll County,MS,10597
Carroll County,NH,47818
Carroll County,OH,28836
Carroll County,TN,28522
Carroll County,VA,30042
Carson City,NV,55274
Carson County,TX,6182
Carter County,KY,27720
Carter County,MO,6265
Carter County,MT,1160
Carter County,OK,47557
Carter County,TN,57424
Carteret County,NC,66469
Carver County,MN,91042
Cascade County,MT,81327
Casey County,KY,15955
Cass County,IA,13956
Cass County,IL,13642
Cass County,IN,38966
Cass County,MI,52293
Cass County,MN,28567
Cass County,MO,99478
Cass County,ND,149778
Cass County,NE,25241
Cass County,TX,30464
Cassia County,ID,22952
Castro County,TX,8062
Caswell County,NC,23719
Catahoula Parish,LA,10407
Catawba County,NC,154358
Cataño Municipio,PR,28140
Catoosa County,GA,63942
Catron County,NM,3725
Cattaraugus County,NY,80317
Cavalier County,ND,3993
Cayey Municipio,PR,48119
Cayuga County,NY,80026
Cecil County,MD,101108
Cedar County,IA,18499
Cedar County,MO,13982
Cedar County,NE,8852
Ceiba Municipio,PR,13631
Centre County,PA,153990
Cerro Gordo County,IA,44151
Chaffee County,CO,17809
Chambers County,AL,34215
Chambers County,TX,35096
Champaign County,IL,201081
Champaign County,OH,40097
Chariton County,MO,7831
Charles City County,VA,7256
Charles County,MD,146551
Charles Mix County,SD,9129
Charleston County,SC,350209
Charlevoix County,MI,25949
Charlotte County,FL,159978
Charlotte County,VA,12586
Charlottesville city,VA,43475
Charlton County,GA,12171
Chase County,KS,2790
Chase County,NE,3966
Chatham County,GA,265128
Chatham County,NC,63505
Chattahoochee County,GA,11267
Chattooga County,GA,26015
Chautauqua County,KS,3669
Chautauqua County,NY,134905
Chaves County,NM,65645
Cheatham County,TN,39105
Cheboygan County,MI,26152
Chelan County,WA,72453
Chemung County,NY,88830
Chenango County,NY,50477
Cherokee County,AL,25989
Cherokee County,GA,214346
Cherokee County,IA,12072
Cherokee County,KS,21603
Cherokee County,NC,27444
Cherokee County,OK,46987
Cherokee County,SC,55342
Cherokee County,TX,50845
Cherry County,NE,5713
Chesapeake city,VA,222209
Cheshire County,NH,77117
Chester County,PA,498886
Chester County,SC,33140
Chester County,TN,17131
Chesterfield County,SC,46734
Chesterfield County,VA,316236
Cheyenne County,CO,1836
Cheyenne County,KS,2726
Cheyenne County,NE,9998
Chickasaw County,IA,12439
Chickasaw County,MS,17392
Chicot County,AR,11800
Childress County,TX,7041
Chilton County,AL,43643
Chippewa County,MI,38520
Chippewa County,MN,12441
Chippewa County,WI,62415
Chisago County,MN,53887
Chittenden County,VT,156545
Choctaw County,AL,13859
Choctaw County,MS,8547
Choctaw County,OK,15205
Chouteau County,MT,5813
Chowan County,NC,14793
Christian County,IL,34800
Christian County,KY,73955
Christian County,MO,77422
Churchill County,NV,24877
Ciales Municipio,PR,18782
Cibola County,NM,27213
Cidra Municipio,PR,43480
Cimarron County,OK,2475
Citrus County,FL,141236
Clackamas County,OR,375992
Claiborne County,MS,9604
Claiborne County,TN,32213
Claiborne Parish,LA,17195
Clallam County,WA,71404
Clare County,MI,30926
Clarendon County,SC,34971
Clarion County,PA,39988
Clark County,AR,22995
Clark County,ID,982
Clark County,IL,16335
Clark County,IN,110232
Clark County,KS,2215
Clark County,KY,35613
Clark County,MO,7139
Clark County,NV,1951269
Clark County,OH,138333
Clark County,SD,3691
Clark County,WA,425363
Clark County,WI,34690
Clarke County,AL,25833
Clarke County,GA,116714
Clarke County,IA,9286
Clarke County,MS,16732
Clarke County,VA,14034
Clatsop County,OR,37039
Clay County,AL,13932
Clay County,AR,16083
Clay County,FL,190865
Clay County,GA,3183
Clay County,IA,16667
Clay County,IL,13815
Clay County,IN,26890
Clay County,KS,8535
Clay County,KY,21730
Clay County,MN,58999
Clay County,MO,221939
Clay County,MS,20634
Clay County,NC,10587
Clay County,NE,6542
Clay County,SD,13864
Clay County,TN,7861
Clay County,TX,10752
Clay County,WV,9386
Clayton County,GA,259424
Clayton County,IA,18129
Clear Creek County,CO,9088
Clearfield County,PA,81642
Clearwater County,ID,8761
Clearwater County,MN,8695
Cleburne County,AL,14972
Cleburne County,AR,25970
Clermont County,OH,197363
Cleveland County,AR,8689
Cleveland County,NC,98078
Cleveland County,OK,255755
Clinch County,GA,6798
Clinton County,IA,49116
Clinton County,IL,37762
Clinton County,IN,33224
Clinton County,KY,10272
Clinton County,MI,75382
Clinton County,MO,20743
Clinton County,NY,82128
Clinton County,OH,42040
Clinton County,PA,39238
Cloud County,KS,9533
Coahoma County,MS,26151
Coal County,OK,5925
Coamo Municipio,PR,40512
Cobb County,GA,688078
Cochise County,AZ,131346
Cochran County,TX,3127
Cocke County,TN,35662
Coconino County,AZ,134421
Codington County,SD,27227
Coffee County,AL,49948
Coffee County,GA,42356
Coffee County,TN,52796
Coffey County,KS,8601
Coke County,TX,3320
Colbert County,AL,54428
Cole County,MO,75990
Coleman County,TX,8895
Coles County,IL,53873
Colfax County,NE,10515
Colfax County,NM,13750
Colleton County,SC,38892
Collier County,FL,321520
Collin County,TX,782341
Collingsworth County,TX,3057
Colonial Heights city,VA,17411
Colorado County,TX,20874
Colquitt County,GA,45498
Columbia County,AR,24552
Columbia County,FL,67531
Columbia County,GA,124053
Columbia County,NY,63096
Columbia County,OR,49351
Columbia County,PA,67295
Columbia County,WA,4078
Columbia County,WI,56833
Columbiana County,OH,107841
Columbus County,NC,58098
Colusa County,CA,21419
Comal County,TX,108472
Comanche County,KS,1891
Comanche County,OK,124098
Comanche County,TX,13974
Comerío Municipio,PR,20778
Concho County,TX,4087
Concordia Parish,LA,20822
Conecuh County,AL,13228
Conejos County,CO,8256
Contra Costa County,CA,1049025
Converse County,WY,13833
Conway County,AR,21273
Cook County,GA,17212
Cook County,IL,5194675
Cook County,MN,5176
Cooke County,TX,38437
Cooper County,MO,17601
Coos County,NH,33055
Coos County,OR,63043
Coosa County,AL,11539
Copiah County,MS,29449
Corozal Municipio,PR,37142
Corson County,SD,4050
Cortland County,NY,49336
Coryell County,TX,75388
Coshocton County,OH,36901
Costilla County,CO,3524
Cottle County,TX,1505
Cotton County,OK,6193
Cottonwood County,MN,11687
Covington County,AL,37765
Covington County,MS,19568
Covington city,VA,5961
Coweta County,GA,127317
Cowley County,KS,36311
Cowlitz County,WA,102410
Craig County,OK,15029
Craig County,VA,5190
Craighead County,AR,96443
Crane County,TX,4375
Craven County,NC,103505
Crawford County,AR,61948
Crawford County,GA,12630
Crawford County,IA,17096
Crawford County,IL,19817
Crawford County,IN,10713
Crawford County,KS,39134
Crawford County,MI,14074
Crawford County,MO,24696
Crawford County,OH,43784
Crawford County,PA,88765
Crawford County,WI,16644
Creek County,OK,69967
Crenshaw County,AL,13906
Crisp County,GA,23439
Crittenden County,AR,50902
Crittenden County,KY,9315
Crockett County,TN,14586
Crockett County,TX,3719
Crook County,OR,20978
Crook County,WY,7083
Crosby County,TX,6059
Cross County,AR,17870
Crow Wing County,MN,62500
Crowley County,CO,5823
Culberson County,TX,2398
Culebra Municipio,PR,1818
Cullman County,AL,80406
Culpeper County,VA,46689
Cumberland County,IL,11048
Cumberland County,KY,6856
Cumberland County,ME,281674
Cumberland County,NC,319431
Cumberland County,NJ,156898
Cumberland County,PA,235406
Cumberland County,TN,56053
Cumberland County,VA,10052
Cuming County,NE,9139
Currituck County,NC,23547
Curry County,NM,48376
Curry County,OR,22364
Custer County,CO,4255
Custer County,ID,4368
Custer County,MT,11699
Custer County,NE,10939
Custer County,OK,27469
Custer County,SD,8216
Cuyahoga County,OH,1280122
Dade County,GA,16633
Dade County,MO,7883
Daggett County,UT,1059
Dakota County,MN,398552
Dakota County,NE,21006
Dale County,AL,50251
Dallam County,TX,6703
Dallas County,AL,43820
Dallas County,AR,8116
Dallas County,IA,66135
Dallas County,MO,16777
Dallas County,TX,2368139
Dane County,WI,488073
Daniels County,MT,1751
Danville city,VA,43055
Dare County,NC,33920
Darke County,OH,52959
Darlington County,SC,68681
Dauphin County,PA,268100
Davidson County,NC,162878
Davidson County,TN,626681
Davie County,NC,41240
Daviess County,IN,31648
Daviess County,KY,96656
Daviess County,MO,8433
Davis County,IA,8753
Davis County,UT,306479
Davison County,SD,19504
Dawes County,NE,9182
Dawson County,GA,22330
Dawson County,MT,8966
Dawson County,NE,24326
Dawson County,TX,13833
Day County,SD,5710
De Baca County,NM,2022
De Soto Parish,LA,26656
De Witt County,IL,16561
DeKalb County,AL,71109
DeKalb County,GA,691893
DeKalb County,IL,105160
DeKalb County,IN,42223
DeKalb County,MO,12892
DeKalb County,TN,18723
DeSoto County,FL,34862
DeSoto County,MS,161252
DeWitt County,TX,20097
Deaf Smith County,TX,19372
Dearborn County,IN,50047
Decatur County,GA,27842
Decatur County,IA,8457
Decatur County,IN,25740
Decatur County,KS,2961
Decatur County,TN,11757
Deer Lodge County,MT,9298
Defiance County,OH,39037
Del Norte County,CA,28610
Delaware County,IA,17764
Delaware County,IN,117671
Delaware County,NY,47980
Delaware County,OH,174214
Delaware County,OK,41487
Delaware County,PA,558979
Delta County,CO,30952
Delta County,MI,37069
Delta County,TX,5231
Denali Borough,AK,1826
Dent County,MO,15657
Denton County,TX,662614
Denver County,CO,600158
Des Moines County,IA,40325
Deschutes County,OR,157733
Desha County,AR,13008
Deuel County,NE,1941
Deuel County,SD,4364
Dewey County,OK,4810
Dewey County,SD,5301
Dickens County,TX,2444
Dickenson County,VA,15903
Dickey County,ND,5289
Dickinson County,IA,16667
Dickinson County,KS,19754
Dickinson County,MI,26168
Dickson County,TN,49666
Dillingham Census Area,AK,4847
Dillon County,SC,32062
Dimmit County,TX,9996
Dinwiddie County,VA,28001
District of Columbia,DC,601723
Divide County,ND,2071
Dixie County,FL,16422
Dixon County,NE,6000
Doddridge County,WV,8202
Dodge County,GA,21796
Dodge County,MN,20087
Dodge County,NE,36691
Dodge County,WI,88759
Dolores County,CO,2064
Doniphan County,KS,7945
Donley County,TX,3677
Dooly County,GA,14918
Door County,WI,27785
Dorado Municipio,PR,38165
Dorchester County,MD,32618
Dorchester County,SC,136555
Dougherty County,GA,94565
Douglas County,CO,285465
Douglas County,GA,132403
Douglas County,IL,19980
Douglas County,KS,110826
Douglas County,MN,36009
Douglas County,MO,13684
Douglas County,NE,517110
Douglas County,NV,46997
Douglas County,OR,107667
Douglas County,SD,3002
Douglas County,WA,38431
Douglas County,WI,44159
Doña Ana County,NM,209233
Drew County,AR,18509
DuPage County,IL,916924
Dubois County,IN,41889
Dubuque County,IA,93653
Duchesne County,UT,18607
Dukes County,MA,16535
Dundy County,NE,2008
Dunklin County,MO,31953
Dunn County,ND,3536
Dunn County,WI,43857
Duplin County,NC,58505
Durham County,NC,267587
Dutchess County,NY,297488
Duval County,FL,864263
Duval County,TX,11782
Dyer County,TN,38335
Eagle County,CO,52197
Early County,GA,11008
East Baton Rouge Parish,LA,440171
East Carroll Parish,LA,7759
East Feliciana Parish,LA,20267
Eastland County,TX,18583
Eaton County,MI,107759
Eau Claire County,WI,98736
Echols County,GA,4034
Ector County,TX,137130
Eddy County,ND,2385
Eddy County,NM,53829
Edgar County,IL,18576
Edgecombe County,NC,56552
Edgefield County,SC,26985
Edmonson County,KY,12161
Edmunds County,SD,4071
Edwards County,IL,6721
Edwards County,KS,3037
Edwards County,TX,2002
Effingham County,GA,52250
Effingham County,IL,34242
El Dorado County,CA,181058
El Paso County,CO,622263
El Paso County,TX,800647
Elbert County,CO,23086
Elbert County,GA,20166
Elk County,KS,2882
Elk County,PA,31946
Elkhart County,IN,197559
Elko County,NV,48818
Elliott County,KY,7852
Ellis County,KS,28452
Ellis County,OK,4151
Ellis County,TX,149610
Ellsworth County,KS,6497
Elmore County,AL,79303
Elmore County,ID,27038
Emanuel County,GA,22598
Emery County,UT,10976
Emmet County,IA,10302
Emmet County,MI,32694
Emmons County,ND,3550
Emporia city,VA,5927
Erath County,TX,37890
Erie County,NY,919040
Erie County,OH,77079
Erie County,PA,280566
Escambia County,AL,38319
Escambia County,FL,297619
Esmeralda County,NV,783
Essex County,MA,743159
Essex County,NJ,783969
Essex County,NY,39370
Essex County,VA,11151
Essex County,VT,6306
Estill County,KY,14672
Etowah County,AL,104430
Eureka County,NV,1987
Evangeline Parish,LA,33984
Evans County,GA,11000
Fairbanks North Star Borough,AK,97581
Fairfax County,VA,1081726
Fairfax city,VA,22565
Fairfield County,CT,916829
Fairfield County,OH,146156
Fairfield County,SC,23956
Fajardo Municipio,PR,36993
Fall River County,SD,7094
Fallon County,MT,2890
Falls Church city,VA,12332
Falls County,TX,17866
Fannin County,GA,23682
Fannin County,TX,33915
Faribault County,MN,14553
Faulk County,SD,2364
Faulkner County,AR,113237
Fauquier County,VA,65203
Fayette County,AL,17241
Fayette County,GA,106567
Fayette County,IA,20880
Fayette County,IL,22140
Fayette County,IN,24277
Fayette County,KY,295803
Fayette County,OH,29030
Fayette County,PA,136606
Fayette County,TN,38413
Fayette County,TX,24554
Fayette County,WV,46039
Fentress County,TN,17959
Fergus County,MT,11586
Ferry County,WA,7551
Fillmore County,MN,20866
Fillmore County,NE,5890
Finney County,KS,36776
Fisher County,TX,3974
Flagler County,FL,95696
Flathead County,MT,90928
Fleming County,KY,14348
Florence County,SC,136885
Florence County,WI,4423
Florida Municipio,PR,12680
Floyd County,GA,96317
Floyd County,IA,16303
Floyd County,IN,74578
Floyd County,KY,39451
Floyd County,TX,6446
Floyd County,VA,15279
Fluvanna County,VA,25691
Foard County,TX,1336
Fond du Lac County,WI,101633
Ford County,IL,14081
Ford County,KS,33848
Forest County,PA,7716
Forest County,WI,9304
Forrest County,MS,74934
Forsyth County,GA,175511
Forsyth County,NC,350670
Fort Bend County,TX,585375
Foster County,ND,3343
Fountain County,IN,17240
Franklin County,AL,31704
Franklin County,AR,18125
Franklin County,FL,11549
Franklin County,GA,22084
Franklin County,IA,10680
Franklin County,ID,12786
Franklin County,IL,39561
Franklin County,IN,23087
Franklin County,KS,25992
Franklin County,KY,49285
Franklin County,MA,71372
Franklin County,ME,30768
Franklin County,MO,101492
Franklin County,MS,8118
Franklin County,NC,60619
Franklin County,NE,3225
Franklin County,NY,51599
Franklin County,OH,1163414
Franklin County,PA,149618
Franklin County,TN,41052
Franklin County,TX,10605
Franklin County,VA,56159
Franklin County,VT,47746
Franklin County,WA,78163
Franklin Parish,LA,20767
Franklin city,VA,8582
Frederick County,MD,233385
Frederick County,VA,78305
Fredericksburg city,VA,24286
Freeborn County,MN,31255
Freestone County,TX,19816
Fremont County,CO,46824
Fremont County,IA,7441
Fremont County,ID,13242
Fremont County,WY,40123
Fresno County,CA,930450
Frio County,TX,17217
Frontier County,NE,2756
Fulton County,AR,12245
Fulton County,GA,920581
Fulton County,IL,37069
Fulton County,IN,20836
Fulton County,KY,6813
Fulton County,NY,55531
Fulton County,OH,42698
Fulton County,PA,14845
Furnas County,NE,4959
Gadsden County,FL,46389
Gage County,NE,22311
Gaines County,TX,17526
Galax city,VA,7042
Gallatin County,IL,5589
Gallatin County,KY,8589
Gallatin County,MT,89513
Gallia County,OH,30934
Galveston County,TX,291309
Garden County,NE,2057
Garfield County,CO,56389
Garfield County,MT,1206
Garfield County,NE,2049
Garfield County,OK,60580
Garfield County,UT,5172
Garfield County,WA,2266
Garland County,AR,96024
Garrard County,KY,16912
Garrett County,MD,30097
Garvin County,OK,27576
Garza County,TX,6461
Gasconade County,MO,15222
Gaston County,NC,206086
Gates County,NC,12197
Geary County,KS,34362
Geauga County,OH,93389
Gem County,ID,16719
Genesee County,MI,425790
Genesee County,NY,60079
Geneva County,AL,26790
Gentry County,MO,6738
George County,MS,22578
Georgetown County,SC,60158
Gibson County,IN,33503
Gibson County,TN,49683
Gila County,AZ,53597
Gilchrist County,FL,16939
Giles County,TN,29485
Giles County,VA,17286
Gillespie County,TX,24837
Gilliam County,OR,1871
Gilmer County,GA,28292
Gilmer County,WV,8693
Gilpin County,CO,5441
Glacier County,MT,13399
Glades County,FL,12884
Gladwin County,MI,25692
Glascock County,GA,3082
Glasscock County,TX,1226
Glenn County,CA,28122
Gloucester County,NJ,288288
Gloucester County,VA,36858
Glynn County,GA,79626
Gogebic County,MI,16427
Golden Valley County,MT,884
Golden Valley County,ND,1680
Goliad County,TX,7210
Gonzales County,TX,19807
Goochland County,VA,21717
Goodhue County,MN,46183
Gooding County,ID,15464
Gordon County,GA,55186
Goshen County,WY,13249
Gosper County,NE,2044
Gove County,KS,2695
Grady County,GA,25011
Grady County,OK,52431
Grafton County,NH,89118
Graham County,AZ,37220
Graham County,KS,2597
Graham County,NC,8861
Grainger County,TN,22657
Grand County,CO,14843
Grand County,UT,9225
Grand Forks County,ND,66861
Grand Isle County,VT,6970
Grand Traverse County,MI,86986
Granite County,MT,3079
Grant County,AR,17853
Grant County,IN,70061
Grant County,KS,7829
Grant County,KY,24662
Grant County,MN,6018
Grant County,ND,2394
Grant County,NE,614
Grant County,NM,29514
Grant County,OK,4527
Grant County,OR,7445
Grant County,SD,7356
Grant County,WA,89120
Grant County,WI,51208
Grant County,WV,11937
Grant Parish,LA,22309
Granville County,NC,59916
Gratiot County,MI,42476
Graves County,KY,37121
Gray County,KS,6006
Gray County,TX,22535
Grays Harbor County,WA,72797
Grayson County,KY,25746
Grayson County,TX,120877
Grayson County,VA,15533
Greeley County,KS,1247
Greeley County,NE,2538
Green County,KY,11258
Green County,WI,36842
Green Lake County,WI,19051
Greenbrier County,WV,35480
Greene County,AL,9045
Greene County,AR,42090
Greene County,GA,15994
Greene County,IA,9336
Greene County,IL,13886
Greene County,IN,33165
Greene County,MO,275174
Greene County,MS,14400
Greene County,NC,21362
Greene County,NY,49221
Greene County,OH,161573
Greene County,PA,38686
Greene County,TN,68831
Greene County,VA,18403
Greenlee County,AZ,8437
Greensville County,VA,12243
Greenup County,KY,36910
Greenville County,SC,451225
Greenwood County,KS,6689
Greenwood County,SC,69661
Greer County,OK,6239
Gregg County,TX,121730
Gregory County,SD,4271
Grenada County,MS,21906
Griggs County,ND,2420
Grimes County,TX,26604
Grundy County,IA,12453
Grundy County,IL,50063
Grundy County,MO,10261
Grundy County,TN,13703
Guadalupe County,NM,4687
Guadalupe County,TX,131533
Guayama Municipio,PR,45362
Guayanilla Municipio,PR,21581
Guaynabo Municipio,PR,97924
Guernsey County,OH,40087
Guilford County,NC,488406
Gulf County,FL,15863
Gunnison County,CO,15324
Gurabo Municipio,PR,45369
Guthrie County,IA,10954
Guánica Municipio,PR,19427
Gwinnett County,GA,805321
Haakon County,SD,1937
Habersham County,GA,43041
Haines Borough,AK,2508
Hale County,AL,15760
Hale County,TX,36273
Halifax County,NC,54691
Halifax County,VA,36241
Hall County,GA,179684
Hall County,NE,58607
Hall County,TX,3353
Hamblen County,TN,62544
Hamilton County,FL,14799
Hamilton County,IA,15673
Hamilton County,IL,8457
Hamilton County,IN,274569
Hamilton County,KS,2690
Hamilton County,NE,9124
Hamilton County,NY,4836
Hamilton County,OH,802374
Hamilton County,TN,336463
Hamilton County,TX,8517
Hamlin County,SD,5903
Hampden County,MA,463490
Hampshire County,MA,158080
Hampshire County,WV,23964
Hampton County,SC,21090
Hampton city,VA,137436
Hancock County,GA,9429
Hancock County,IA,11341
Hancock County,IL,19104
Hancock County,IN,70002
Hancock County,KY,8565
Hancock County,ME,54418
Hancock County,MS,43929
Hancock County,OH,74782
Hancock County,TN,6819
Hancock County,WV,30676
Hand County,SD,3431
Hanover County,VA,99863
Hansford County,TX,5613
Hanson County,SD,3331
Haralson County,GA,28780
Hardee County,FL,27731
Hardeman County,TN,27253
Hardeman County,TX,4139
Hardin County,IA,17534
Hardin County,IL,4320
Hardin County,KY,105543
Hardin County,OH,32058
Hardin County,TN,26026
Hardin County,TX,54635
Harding County,NM,695
Harding County,SD,1255
Hardy County,WV,14025
Harford County,MD,244826
Harlan County,KY,29278
Harlan County,NE,3423
Harmon County,OK,2922
Harnett County,NC,114678
Harney County,OR,7422
Harper County,KS,6034
Harper County,OK,3685
Harris County,GA,32024
Harris County,TX,4092459
Harrison County,IA,14928
Harrison County,IN,39364
Harrison County,KY,18846
Harrison County,MO,8957
Harrison County,MS,187105
Harrison County,OH,15864
Harrison County,TX,65631
Harrison County,WV,69099
Harrisonburg city,VA,48914
Hart County,GA,25213
Hart County,KY,18199
Hartford County,CT,894014
Hartley County,TX,6062
Harvey County,KS,34684
Haskell County,KS,4256
Haskell County,OK,12769
Haskell County,TX,5899
Hatillo Municipio,PR,41953
Hawaii County,HI,185079
Hawkins County,TN,56833
Hayes County,NE,967
Hays County,TX,157107
Haywood County,NC,59036
Haywood County,TN,18787
Heard County,GA,11834
Hemphill County,TX,3807
Hempstead County,AR,22609
Henderson County,IL,7331
Henderson County,KY,46250
Henderson County,NC,106740
Henderson County,TN,27769
Henderson County,TX,78532
Hendricks County,IN,145448
Hendry County,FL,39140
Hennepin County,MN,1152425
Henrico County,VA,306935
Henry County,AL,17302
Henry County,GA,203922
Henry County,IA,20145
Henry County,IL,50486
Henry County,IN,49462
Henry County,KY,15416
Henry County,MO,22272
Henry County,OH,28215
Henry County,TN,32330
Henry County,VA,54151
Herkimer County,NY,64519
Hernando County,FL,172778
Hertford County,NC,24669
Hettinger County,ND,2477
Hickman County,KY,4902
Hickman County,TN,24690
Hickory County,MO,9627
Hidalgo County,NM,4894
Hidalgo County,TX,774769
Highland County,OH,43589
Highland County,VA,2321
Highlands County,FL,98786
Hill County,MT,16096
Hill County,TX,35089
Hillsborough County,FL,1229226
Hillsborough County,NH,400721
Hillsdale County,MI,46688
Hinds County,MS,245285
Hinsdale County,CO,843
Hitchcock County,NE,2908
Hocking County,OH,29380
Hockley County,TX,22935
Hodgeman County,KS,1916
Hoke County,NC,46952
Holmes County,FL,19927
Holmes County,MS,19198
Holmes County,OH,42366
Holt County,MO,4912
Holt County,NE,10435
Honolulu County,HI,953207
Hood County,TX,51182
Hood River County,OR,22346
Hooker County,NE,736
Hoonah-Angoon Census Area,AK,2150
Hopewell city,VA,22591
Hopkins County,KY,46920
Hopkins County,TX,35161
Hormigueros Municipio,PR,17250
Horry County,SC,269291
Hot Spring County,AR,32923
Hot Springs County,WY,4812
Houghton County,MI,36628
Houston County,AL,101547
Houston County,GA,139900
Houston County,MN,19027
Houston County,TN,8426
Houston County,TX,23732
Howard County,AR,13789
Howard County,IA,9566
Howard County,IN,82752
Howard County,MD,287085
Howard County,MO,10144
Howard County,NE,6274
Howard County,TX,35012
Howell County,MO,40400
Hubbard County,MN,20428
Hudson County,NJ,634266
Hudspeth County,TX,3476
Huerfano County,CO,6711
Hughes County,OK,14003
Hughes County,SD,17022
Humacao Municipio,PR,58466
Humboldt County,CA,134623
Humboldt County,IA,9815
Humboldt County,NV,16528
Humphreys County,MS,9375
Humphreys County,TN,18538
Hunt County,TX,86129
Hunterdon County,NJ,128349
Huntingdon County,PA,45913
Huntington County,IN,37124
Huron County,MI,33118
Huron County,OH,59626
Hutchinson County,SD,7343
Hutchinson County,TX,22150
Hyde County,NC,5810
Hyde County,SD,1420
Iberia Parish,LA,73240
Iberville Parish,LA,33387
Ida County,IA,7089
Idaho County,ID,16267
Imperial County,CA,174528
Independence County,AR,36647
Indian River County,FL,138028
Indiana County,PA,88880
Ingham County,MI,280895
Inyo County,CA,18546
Ionia County,MI,63905
Iosco County,MI,25887
Iowa County,IA,16355
Iowa County,WI,23687
Iredell County,NC,159437
Irion County,TX,1599
Iron County,MI,11817
Iron County,MO,10630
Iron County,UT,46163
Iron County,WI,5916
Iroquois County,IL,29718
Irwin County,GA,9538
Isabela Municipio,PR,45631
Isabella County,MI,70311
Isanti County,MN,37816
Island County,WA,78506
Isle of Wight County,VA,35270
Issaquena County,MS,1406
Itasca County,MN,45058
Itawamba County,MS,23401
Izard County,AR,13696
Jack County,TX,9044
Jackson County,AL,53227
Jackson County,AR,17997
Jackson County,CO,1394
Jackson County,FL,49746
Jackson County,GA,60485
Jackson County,IA,19848
Jackson County,IL,60218
Jackson County,IN,42376
Jackson County,KS,13462
Jackson County,KY,13494
Jackson County,MI,160248
Jackson County,MN,10266
Jackson County,MO,674158
Jackson County,MS,139668
Jackson County,NC,40271
Jackson County,OH,33225
Jackson County,OK,26446
Jackson County,OR,203206
Jackson County,SD,3031
Jackson County,TN,11638
Jackson County,TX,14075
Jackson County,WI,20449
Jackson County,WV,29211
Jackson Parish,LA,16274
James City County,VA,67009
Jasper County,GA,13900
Jasper County,IA,36842
Jasper County,IL,9698
Jasper County,IN,33478
Jasper County,MO,117404
Jasper County,MS,17062
Jasper County,SC,24777
Jasper County,TX,35710
Jay County,IN,21253
Jayuya Municipio,PR,16642
Jeff Davis County,GA,15068
Jeff Davis County,TX,2342
Jefferson County,AL,658466
Jefferson County,AR,77435
Jefferson County,CO,534543
Jefferson County,FL,14761
Jefferson County,GA,16930
Jefferson County,IA,16843
Jefferson County,ID,26140
Jefferson County,IL,38827
Jefferson County,IN,32428
Jefferson County,KS,19126
Jefferson County,KY,741096
Jefferson County,MO,218733
Jefferson County,MS,7726
Jefferson County,MT,11406
Jefferson County,NE,7547
Jefferson County,NY,116229
Jefferson County,OH,69709
Jefferson County,OK,6472
Jefferson County,OR,21720
Jefferson County,PA,45200
Jefferson County,TN,51407
Jefferson County,TX,252273
Jefferson County,WA,29872
Jefferson County,WI,83686
Jefferson County,WV,53498
Jefferson Davis County,MS,12487
Jefferson Davis Parish,LA,31594
Jefferson Parish,LA,432552
Jenkins County,GA,8340
Jennings County,IN,28525
Jerauld County,SD,2071
Jerome County,ID,22374
Jersey County,IL,22985
Jessamine County,KY,48586
Jewell County,KS,3077
Jim Hogg County,TX,5300
Jim Wells County,TX,40838
Jo Daviess County,IL,22678
Johnson County,AR,25540
Johnson County,GA,9980
Johnson County,IA,130882
Johnson County,IL,12582
Johnson County,IN,139654
Johnson County,KS,544179
Johnson County,KY,23356
Johnson County,MO,52595
Johnson County,NE,5217
Johnson County,TN,18244
Johnson County,TX,150934
Johnson County,WY,8569
Johnston County,NC,168878
Johnston County,OK,10957
Jones County,GA,28669
Jones County,IA,20638
Jones County,MS,67761
Jones County,NC,10153
Jones County,SD,1006
Jones County,TX,20202
Josephine County,OR,82713
Juab County,UT,10246
Juana Díaz Municipio,PR,50747
Judith Basin County,MT,2072
Juncos Municipio,PR,40290
Juneau City and Borough,AK,31275
Juneau County,WI,26664
Juniata County,PA,24636
Kalamazoo County,MI,250331
Kalawao County,HI,90
Kalkaska County,MI,17153
Kanabec County,MN,16239
Kanawha County,WV,193063
Kandiyohi County,MN,42239
Kane County,IL,515269
Kane County,UT,7125
Kankakee County,IL,113449
Karnes County,TX,14824
Kauai County,HI,67091
Kaufman County,TX,103350
Kay County,OK,46562
Kearney County,NE,6489
Kearny County,KS,3977
Keith County,NE,8368
Kemper County,MS,10456
Kenai Peninsula Borough,AK,55400
Kendall County,IL,114736
Kendall County,TX,33410
Kenedy County,TX,416
Kennebec County,ME,122151
Kenosha County,WI,166426
Kent County,DE,162310
Kent County,MD,20197
Kent County,MI,602622
Kent County,RI,166158
Kent County,TX,808
Kenton County,KY,159720
Keokuk County,IA,10511
Kern County,CA,839631
Kerr County,TX,49625
Kershaw County,SC,61697
Ketchikan Gateway Borough,AK,13477
Kewaunee County,WI,20574
Keweenaw County,MI,2156
Keya Paha County,NE,824
Kidder County,ND,2435
Kimball County,NE,3821
Kimble County,TX,4607
King County,TX,286
King County,WA,1931249
King George County,VA,23584
King William County,VA,15935
King and Queen County,VA,6945
Kingfisher County,OK,15034
Kingman County,KS,7858
Kings County,CA,152982
Kings County,NY,2504700
Kingsbury County,SD,5148
Kinney County,TX,3598
Kiowa County,CO,1398
Kiowa County,KS,2553
Kiowa County,OK,9446
Kit Carson County,CO,8270
Kitsap County,WA,251133
Kittitas County,WA,40915
Kittson County,MN,4552
Klamath County,OR,66380
Kleberg County,TX,32061
Klickitat County,WA,20318
Knott County,KY,16346
Knox County,IL,52919
Knox County,IN,38440
Knox County,KY,31883
Knox County,ME,39736
Knox County,MO,4131
Knox County,NE,8701
Knox County,OH,60921
Knox County,TN,432226
Knox County,TX,3719
Kodiak Island Borough,AK,13592
Koochiching County,MN,13311
Kootenai County,ID,138494
Kosciusko County,IN,77358
Kossuth County,IA,15543
Kusilvak Census Area,AK,7459
La Crosse County,WI,114638
La Paz County,AZ,20489
La Plata County,CO,51334
La Salle County,TX,6886
LaGrange County,IN,37128
LaMoure County,ND,4139
LaPorte County,IN,111467
LaSalle County,IL,113924
LaSalle Parish,LA,14890
Labette County,KS,21607
Lac qui Parle County,MN,7259
Lackawanna County,PA,214437
Laclede County,MO,35571
Lafayette County,AR,7645
Lafayette County,FL,8870
Lafayette County,MO,33381
Lafayette County,MS,47351
Lafayette County,WI,16836
Lafayette Parish,LA,221578
Lafourche Parish,LA,96318
Lajas Municipio,PR,25753
Lake County,CA,64665
Lake County,CO,7310
Lake County,FL,297052
Lake County,IL,703462
Lake County,IN,496005
Lake County,MI,11539
Lake County,MN,10866
Lake County,MT,28746
Lake County,OH,230041
Lake County,OR,7895
Lake County,SD,11200
Lake County,TN,7832
Lake and Peninsula Borough,AK,1631
Lake of the Woods County,MN,4045
Lamar County,AL,14564
Lamar County,GA,18317
Lamar County,MS,55658
Lamar County,TX,49793
Lamb County,TX,13977
Lamoille County,VT,24475
Lampasas County,TX,19677
Lancaster County,NE,285407
Lancaster County,PA,519445
Lancaster County,SC,76652
Lancaster County,VA,11391
Lander County,NV,5775
Lane County,KS,1750
Lane County,OR,351715
Langlade County,WI,19977
Lanier County,GA,10078
Lapeer County,MI,88319
Laramie County,WY,91738
Lares Municipio,PR,30753
Larimer County,CO,299630
Larue County,KY,14193
Las Animas County,CO,15507
Las Marías Municipio,PR,9881
Las Piedras Municipio,PR,38675
Lassen County,CA,34895
Latah County,ID,37244
Latimer County,OK,11154
Lauderdale County,AL,92709
Lauderdale County,MS,80261
Lauderdale County,TN,27815
Laurel County,KY,58849
Laurens County,GA,48434
Laurens County,SC,66537
Lavaca County,TX,19263
Lawrence County,AL,34339
Lawrence County,AR,17415
Lawrence County,IL,16833
Lawrence County,IN,46134
Lawrence County,KY,15860
Lawrence County,MO,38634
Lawrence County,MS,12929
Lawrence County,OH,62450
Lawrence County,PA,91108
Lawrence County,SD,24097
Lawrence County,TN,41869
Le Flore County,OK,50384
Le Sueur County,MN,27703
Lea County,NM,64727
Leake County,MS,23805
Leavenworth County,KS,76227
Lebanon County,PA,133568
Lee County,AL,140247
Lee County,AR,10424
Lee County,FL,618754
Lee County,GA,28298
Lee County,IA,35862
Lee County,IL,36031
Lee County,KY,7887
Lee County,MS,82910
Lee County,NC,57866
Lee County,SC,19220
Lee County,TX,16612
Lee County,VA,25587
Leelanau County,MI,21708
Leflore County,MS,32317
Lehigh County,PA,349497
Lemhi County,ID,7936
Lenawee County,MI,99892
Lenoir County,NC,59495
Leon County,FL,275487
Leon County,TX,16801
Leslie County,KY,11310
Letcher County,KY,24519
Levy County,FL,40801
Lewis County,ID,3821
Lewis County,KY,13870
Lewis County,MO,10211
Lewis County,NY,27087
Lewis County,TN,12161
Lewis County,WA,75455
Lewis County,WV,16372
Lewis and Clark County,MT,63395
Lexington County,SC,262391
Lexington city,VA,7042
Liberty County,FL,8365
Liberty County,GA,63453
Liberty County,MT,2339
Liberty County,TX,75643
Licking County,OH,166492
Limestone County,AL,82782
Limestone County,TX,23384
Lincoln County,AR,14134
Lincoln County,CO,5467
Lincoln County,GA,7996
Lincoln County,ID,5208
Lincoln County,KS,3241
Lincoln County,KY,24742
Lincoln County,ME,34457
Lincoln County,MN,5896
Lincoln County,MO,52566
Lincoln County,MS,34869
Lincoln County,MT,19687
Lincoln County,NC,78265
Lincoln County,NE,36288
Lincoln County,NM,20497
Lincoln County,NV,5345
Lincoln County,OK,34273
Lincoln County,OR,46034
Lincoln County,SD,44828
Lincoln County,TN,33361
Lincoln County,WA,10570
Lincoln County,WI,28743
Lincoln County,WV,21720
Lincoln County,WY,18106
Lincoln Parish,LA,46735
Linn County,IA,211226
Linn County,KS,9656
Linn County,MO,12761
Linn County,OR,116672
Lipscomb County,TX,3302
Litchfield County,CT,189927
Little River County,AR,13171
Live Oak County,TX,11531
Livingston County,IL,38950
Livingston County,KY,9519
Livingston County,MI,180967
Livingston County,MO,15195
Livingston County,NY,65393
Livingston Parish,LA,128026
Llano County,TX,19301
Logan County,AR,22353
Logan County,CO,22709
Logan County,IL,30305
Logan County,KS,2756
Logan County,KY,26835
Logan County,ND,1990
Logan County,NE,763
Logan County,OH,45858
Logan County,OK,41848
Logan County,WV,36743
Long County,GA,14464
Lonoke County,AR,68356
Lorain County,OH,301356
Los Alamos County,NM,17950
Los Angeles County,CA,9818605
Loudon County,TN,48556
Loudoun County,VA,312311
Louisa County,IA,11387
Louisa County,VA,33153
Loup County,NE,632
Love County,OK,9423
Loving County,TX,82
Lowndes County,AL,11299
Lowndes County,GA,109233
Lowndes County,MS,59779
Loíza Municipio,PR,30060
Lubbock County,TX,278831
Lucas County,IA,8898
Lucas County,OH,441815
Luce County,MI,6631
Lumpkin County,GA,29966
Luna County,NM,25095
Lunenburg County,VA,12914
Luquillo Municipio,PR,20068
Luzerne County,PA,320918
Lycoming County,PA,116111
Lyman County,SD,3755
Lynchburg city,VA,75568
Lynn County,TX,5915
Lyon County,IA,11581
Lyon County,KS,33690
Lyon County,KY,8314
Lyon County,MN,25857
Lyon County,NV,51980
Mackinac County,MI,11113
Macomb County,MI,840978
Macon County,AL,21452
Macon County,GA,14740
Macon County,IL,110768
Macon County,MO,15566
Macon County,NC,33922
Macon County,TN,22248
Macoupin County,IL,47765
Madera County,CA,150865
Madison County,AL,334811
Madison County,AR,15717
Madison County,FL,19224
Madison County,GA,28120
Madison County,IA,15679
Madison County,ID,37536
Madison County,IL,269282
Madison County,IN,131636
Madison County,KY,82916
Madison County,MO,12226
Madison County,MS,95203
Madison County,MT,7691
Madison County,NC,20764
Madison County,NE,34876
Madison County,NY,73442
Madison County,OH,43435
Madison County,TN,98294
Madison County,TX,13664
Madison County,VA,13308
Madison Parish,LA,12093
Magoffin County,KY,13333
Mahaska County,IA,22381
Mahnomen County,MN,5413
Mahoning County,OH,238823
Major County,OK,7527
Malheur County,OR,31313
Manassas Park city,VA,14273
Manassas city,VA,37821
Manatee County,FL,322833
Manatí Municipio,PR,44113
Manistee County,MI,24733
Manitowoc County,WI,81442
Marathon County,WI,134063
Marengo County,AL,21027
Maricao Municipio,PR,6276
Maricopa County,AZ,3817117
Maries County,MO,9176
Marin County,CA,252409
Marinette County,WI,41749
Marion County,AL,30776
Marion County,AR,16653
Marion County,FL,331298
Marion County,GA,8742
Marion County,IA,33309
Marion County,IL,39437
Marion County,IN,903393
Marion County,KS,12660
Marion County,KY,19820
Marion County,MO,28781
Marion County,MS,27088
Marion County,OH,66501
Marion County,OR,315335
Marion County,SC,33062
Marion County,TN,28237
Marion County,TX,10546
Marion County,WV,56418
Mariposa County,CA,18251
Marlboro County,SC,28933
Marquette County,MI,67077
Marquette County,WI,15404
Marshall County,AL,93019
Marshall County,IA,40648
Marshall County,IL,12640
Marshall County,IN,47051
Marshall County,KS,10117
Marshall County,KY,31448
Marshall County,MN,9439
Marshall County,MS,37144
Marshall County,OK,15840
Marshall County,SD,4656
Marshall County,TN,30617
Marshall County,WV,33107
Martin County,FL,146318
Martin County,IN,10334
Martin County,KY,12929
Martin County,MN,20840
Martin County,NC,24505
Martin County,TX,4799
Martinsville city,VA,13821
Mason County,IL,14666
Mason County,KY,17490
Mason County,MI,28705
Mason County,TX,4012
Mason County,WA,60699
Mason County,WV,27324
Massac County,IL,15429
Matagorda County,TX,36702
Matanuska-Susitna Borough,AK,88995
Mathews County,VA,8978
Maui County,HI,154834
Maunabo Municipio,PR,12225
Maury County,TN,80956
Maverick County,TX,54258
Mayagüez Municipio,PR,89080
Mayes County,OK,41259
McClain County,OK,34506
McCone County,MT,1734
McCook County,SD,5618
McCormick County,SC,10233
McCracken County,KY,65565
McCreary County,KY,18306
McCulloch County,TX,8283
McCurtain County,OK,33151
McDonald County,MO,23083
McDonough County,IL,32612
McDowell County,NC,44996
McDowell County,WV,22113
McDuffie County,GA,21875
McHenry County,IL,308760
McHenry County,ND,5395
McIntosh County,GA,14333
McIntosh County,ND,2809
McIntosh County,OK,20252
McKean County,PA,43450
McKenzie County,ND,6360
McKinley County,NM,71492
McLean County,IL,169572
McLean County,KY,9531
McLean County,ND,8962
McLennan County,TX,234906
McLeod County,MN,36651
McMinn County,TN,52266
McMullen County,TX,707
McNairy County,TN,26075
McPherson County,KS,29180
McPherson County,NE,539
McPherson County,SD,2459
Meade County,KS,4575
Meade County,KY,28602
Meade County,SD,25434
Meagher County,MT,1891
Mecklenburg County,NC,919628
Mecklenburg County,VA,32727
Mecosta County,MI,42798
Medina County,OH,172332
Medina County,TX,46006
Meeker County,MN,23300
Meigs County,OH,23770
Meigs County,TN,11753
Mellette County,SD,2048
Menard County,IL,12705
Menard County,TX,2242
Mendocino County,CA,87841
Menifee County,KY,6306
Menominee County,MI,24029
Menominee County,WI,4232
Merced County,CA,255793
Mercer County,IL,16434
Mercer County,KY,21331
Mercer County,MO,3785
Mercer County,ND,8424
Mercer County,NJ,366513
Mercer County,OH,40814
Mercer County,PA,116638
Mercer County,WV,62264
Meriwether County,GA,21992
Merrick County,NE,7845
Merrimack County,NH,146445
Mesa County,CO,146723
Metcalfe County,KY,10099
Miami County,IN,36903
Miami County,KS,32787
Miami County,OH,102506
Miami-Dade County,FL,2496435
Middlesex County,CT,165676
Middlesex County,MA,1503085
Middlesex County,NJ,809858
Middlesex County,VA,10959
Midland County,MI,83629
Midland County,TX,136872
Mifflin County,PA,46682
Milam County,TX,24757
Millard County,UT,12503
Mille Lacs County,MN,26097
Miller County,AR,43462
Miller County,GA,6125
Miller County,MO,24748
Mills County,IA,15059
Mills County,TX,4936
Milwaukee County,WI,947735
Miner County,SD,2389
Mineral County,CO,712
Mineral County,MT,4223
Mineral County,NV,4772
Mineral County,WV,28212
Mingo County,WV,26839
Minidoka County,ID,20069
Minnehaha County,SD,169468
Missaukee County,MI,14849
Mississippi County,AR,46480
Mississippi County,MO,14358
Missoula County,MT,109299
Mitchell County,GA,23498
Mitchell County,IA,10776
Mitchell County,KS,6373
Mitchell County,NC,15579
Mitchell County,TX,9403
Mobile County,AL,412992
Moca Municipio,PR,40109
Modoc County,CA,9686
Moffat County,CO,13795
Mohave County,AZ,200186
Moniteau County,MO,15607
Monmouth County,NJ,630380
Mono County,CA,14202
Monona County,IA,9243
Monongalia County,WV,96189
Monroe County,AL,23068
Monroe County,AR,8149
Monroe County,FL,73090
Monroe County,GA,26424
Monroe County,IA,7970
Monroe County,IL,32957
Monroe County,IN,137974
Monroe County,KY,10963
Monroe County,MI,152021
Monroe County,MO,8840
Monroe County,MS,36989
Monroe County,NY,744344
Monroe County,OH,14642
Monroe County,PA,169842
Monroe County,TN,44519
Monroe County,WI,44673
Monroe County,WV,13502
Montague County,TX,19719
Montcalm County,MI,63342
Monterey County,CA,415057
Montezuma County,CO,25535
Montgomery County,AL,229363
Montgomery County,AR,9487
Montgomery County,GA,9123
Montgomery County,IA,10740
Montgomery County,IL,30104
Montgomery County,IN,38124
Montgomery County,KS,35471
Montgomery County,KY,26499
Montgomery County,MD,971777
Montgomery County,MO,12236
Montgomery County,MS,10925
Montgomery County,NC,27798
Montgomery County,NY,50219
Montgomery County,OH,535153
Montgomery County,PA,799874
Montgomery County,TN,172331
Montgomery County,TX,455746
Montgomery County,VA,94392
Montmorency County,MI,9765
Montour County,PA,18267
Montrose County,CO,41276
Moody County,SD,6486
Moore County,NC,88247
Moore County,TN,6362
Moore County,TX,21904
Mora County,NM,4881
Morehouse Parish,LA,27979
Morgan County,AL,119490
Morgan County,CO,28159
Morgan County,GA,17868
Morgan County,IL,35547
Morgan County,IN,68894
Morgan County,KY,13923
Morgan County,MO,20565
Morgan County,OH,15054
Morgan County,TN,21987
Morgan County,UT,9469
Morgan County,WV,17541
Morovis Municipio,PR,32610
Morrill County,NE,5042
Morris County,KS,5923
Morris County,NJ,492276
Morris County,TX,12934
Morrison County,MN,33198
Morrow County,OH,34827
Morrow County,OR,11173
Morton County,KS,3233
Morton County,ND,27471
Motley County,TX,1210
Moultrie County,IL,14846
Mountrail County,ND,7673
Mower County,MN,39163
Muhlenberg County,KY,31499
Multnomah County,OR,735334
Murray County,GA,39628
Murray County,MN,8725
Murray County,OK,13488
Muscatine County,IA,42745
Muscogee County,GA,189885
Muskegon County,MI,172188
Muskingum County,OH,86074
Muskogee County,OK,70990
Musselshell County,MT,4538
Nacogdoches County,TX,64524
Naguabo Municipio,PR,26720
Nance County,NE,3735
Nantucket County,MA,10172
Napa County,CA,136484
Naranjito Municipio,PR,30402
Nash County,NC,95840
Nassau County,FL,73314
Nassau County,NY,1339532
Natchitoches Parish,LA,39566
Natrona County,WY,75450
Navajo County,AZ,107449
Navarro County,TX,47735
Nelson County,KY,43437
Nelson County,ND,3126
Nelson County,VA,15020
Nemaha County,KS,10178
Nemaha County,NE,7248
Neosho County,KS,16512
Neshoba County,MS,29676
Ness County,KS,3107
Nevada County,AR,8997
Nevada County,CA,98764
New Castle County,DE,538479
New Hanover County,NC,202667
New Haven County,CT,862477
New Kent County,VA,18429
New London County,CT,274055
New Madrid County,MO,18956
New York County,NY,1585873
Newaygo County,MI,48460
Newberry County,SC,37508
Newport County,RI,82888
Newport News city,VA,180719
Newton County,AR,8330
Newton County,GA,99958
Newton County,IN,14244
Newton County,MO,58114
Newton County,MS,21720
Newton County,TX,14445
Nez Perce County,ID,39265
Niagara County,NY,216469
Nicholas County,KY,7135
Nicholas County,WV,26233
Nicollet County,MN,32727
Niobrara County,WY,2484
Noble County,IN,47536
Noble County,OH,14645
Noble County,OK,11561
Nobles County,MN,21378
Nodaway County,MO,23370
Nolan County,TX,15216
Nome Census Area,AK,9492
Norfolk County,MA,670850
Norfolk city,VA,242803
Norman County,MN,6852
North Slope Borough,AK,9430
Northampton County,NC,22099
Northampton County,PA,297735
Northampton County,VA,12389
Northumberland County,PA,94528
Northumberland County,VA,12330
Northwest Arctic Borough,AK,7523
Norton County,KS,5671
Norton city,VA,3958
Nottoway County,VA,15853
Nowata County,OK,10536
Noxubee County,MS,11545
Nuckolls County,NE,4500
Nueces County,TX,340223
Nye County,NV,43946
O'Brien County,IA,14398
Oakland County,MI,1202362
Obion County,TN,31807
Ocean County,NJ,576567
Oceana County,MI,26570
Ochiltree County,TX,10223
Oconee County,GA,32808
Oconee County,SC,74273
Oconto County,WI,37660
Ogemaw County,MI,21699
Oglala Lakota County,SD,13586
Ogle County,IL,53497
Oglethorpe County,GA,14899
Ohio County,IN,6128
Ohio County,KY,23842
Ohio County,WV,44443
Okaloosa County,FL,180822
Okanogan County,WA,41120
Okeechobee County,FL,39996
Okfuskee County,OK,12191
Oklahoma County,OK,718633
Okmulgee County,OK,40069
Oktibbeha County,MS,47671
Oldham County,KY,60316
Oldham County,TX,2052
Oliver County,ND,1846
Olmsted County,MN,144248
Oneida County,ID,4286
Oneida County,NY,234878
Oneida County,WI,35998
Onondaga County,NY,467026
Onslow County,NC,177772
Ontario County,NY,107931
Ontonagon County,MI,6780
Orange County,CA,3010232
Orange County,FL,1145956
Orange County,IN,19840
Orange County,NC,133801
Orange County,NY,372813
Orange County,TX,81837
Orange County,VA,33481
Orange County,VT,28936
Orangeburg County,SC,92501
Oregon County,MO,10881
Orleans County,NY,42883
Orleans County,VT,27231
Orleans Parish,LA,343829
Orocovis Municipio,PR,23423
Osage County,KS,16295
Osage County,MO,13878
Osage County,OK,47472
Osborne County,KS,3858
Osceola County,FL,268685
Osceola County,IA,6462
Osceola County,MI,23528
Oscoda County,MI,8640
Oswego County,NY,122109
Otero County,CO,18831
Otero County,NM,63797
Otoe County,NE,15740
Otsego County,MI,24164
Otsego County,NY,62259
Ottawa County,KS,6091
Ottawa County,MI,263801
Ottawa County,OH,41428
Ottawa County,OK,31848
Otter Tail County,MN,57303
Ouachita County,AR,26120
Ouachita Parish,LA,153720
Ouray County,CO,4436
Outagamie County,WI,176695
Overton County,TN,22083
Owen County,IN,21575
Owen County,KY,10841
Owsley County,KY,4755
Owyhee County,ID,11526
Oxford County,ME,57833
Ozark County,MO,9723
Ozaukee County,WI,86395
Pacific County,WA,20920
Page County,IA,15932
Page County,VA,24042
Palm Beach County,FL,1320134
Palo Alto County,IA,9421
Palo Pinto County,TX,28111
Pamlico County,NC,13144
Panola County,MS,34707
Panola County,TX,23796
Park County,CO,16206
Park County,MT,15636
Park County,WY,28205
Parke County,IN,17339
Parker County,TX,116927
Parmer County,TX,10269
Pasco County,FL,464697
Pasquotank County,NC,40661
Passaic County,NJ,501226
Patillas Municipio,PR,19277
Patrick County,VA,18490
Paulding County,GA,142324
Paulding County,OH,19614
Pawnee County,KS,6973
Pawnee County,NE,2773
Pawnee County,OK,16577
Payette County,ID,22623
Payne County,OK,77350
Peach County,GA,27695
Pearl River County,MS,55834
Pecos County,TX,15507
Pembina County,ND,7413
Pemiscot County,MO,18296
Pend Oreille County,WA,13001
Pender County,NC,52217
Pendleton County,KY,14877
Pendleton County,WV,7695
Pennington County,MN,13930
Pennington County,SD,100948
Penobscot County,ME,153923
Peoria County,IL,186494
Pepin County,WI,7469
Perkins County,NE,2970
Perkins County,SD,2982
Perquimans County,NC,13453
Perry County,AL,10591
Perry County,AR,10445
Perry County,IL,22350
Perry County,IN,19338
Perry County,KY,28712
Perry County,MO,18971
Perry County,MS,12250
Perry County,OH,36058
Perry County,PA,45969
Perry County,TN,7915
Pershing County,NV,6753
Person County,NC,39464
Petersburg Borough,AK,3815
Petersburg city,VA,32420
Petroleum County,MT,494
Pettis County,MO,42201
Peñuelas Municipio,PR,24282
Phelps County,MO,45156
Phelps County,NE,9188
Philadelphia County,PA,1526006
Phillips County,AR,21757
Phillips County,CO,4442
Phillips County,KS,5642
Phillips County,MT,4253
Piatt County,IL,16729
Pickaway County,OH,55698
Pickens County,AL,19746
Pickens County,GA,29431
Pickens County,SC,119224
Pickett County,TN,5077
Pierce County,GA,18758
Pierce County,ND,4357
Pierce County,NE,7266
Pierce County,WA,795225
Pierce County,WI,41019
Pike County,AL,32899
Pike County,AR,11291
Pike County,GA,17869
Pike County,IL,16430
Pike County,IN,12845
Pike County,KY,65024
Pike County,MO,18516
Pike County,MS,40404
Pike County,OH,28709
Pike County,PA,57369
Pima County,AZ,980263
Pinal County,AZ,375770
Pine County,MN,29750
Pinellas County,FL,916542
Pipestone County,MN,9596
Piscataquis County,ME,17535
Pitkin County,CO,17148
Pitt County,NC,168148
Pittsburg County,OK,45837
Pittsylvania County,VA,63506
Piute County,UT,1556
Placer County,CA,348432
Plaquemines Parish,LA,23042
Platte County,MO,89322
Platte County,NE,32237
Platte County,WY,8667
Pleasants County,WV,7605
Plumas County,CA,20007
Plymouth County,IA,24986
Plymouth County,MA,494919
Pocahontas County,IA,7310
Pocahontas County,WV,8719
Poinsett County,AR,24583
Pointe Coupee Parish,LA,22802
Polk County,AR,20662
Polk County,FL,602095
Polk County,GA,41475
Polk County,IA,430640
Polk County,MN,31600
Polk County,MO,31137
Polk County,NC,20510
Polk County,NE,5406
Polk County,OR,75403
Polk County,TN,16825
Polk County,TX,45413
Polk County,WI,44205
Ponce Municipio,PR,166327
Pondera County,MT,6153
Pontotoc County,MS,29957
Pontotoc County,OK,37492
Pope County,AR,61754
Pope County,IL,4470
Pope County,MN,10995
Poquoson city,VA,12150
Portage County,OH,161419
Portage County,WI,70019
Porter County,IN,164343
Portsmouth city,VA,95535
Posey County,IN,25910
Pottawatomie County,KS,21604
Pottawatomie County,OK,69442
Pottawattamie County,IA,93158
Potter County,PA,17457
Potter County,SD,2329
Potter County,TX,121073
Powder River County,MT,1743
Powell County,KY,12613
Powell County,MT,7027
Power County,ID,7817
Poweshiek County,IA,18914
Powhatan County,VA,28046
Prairie County,AR,8715
Prairie County,MT,1179
Pratt County,KS,9656
Preble County,OH,42270
Prentiss County,MS,25276
Presidio County,TX,7818
Presque Isle County,MI,13376
Preston County,WV,33520
Price County,WI,14159
Prince Edward County,VA,23368
Prince George County,VA,35725
Prince George's County,MD,863420
Prince William County,VA,402002
Prince of Wales-Hyder Census Area,AK,5559
Providence County,RI,626667
Prowers County,CO,12551
Pueblo County,CO,159063
Pulaski County,AR,382748
Pulaski County,GA,12010
Pulaski County,IL,6161
Pulaski County,IN,13402
Pulaski County,KY,63063
Pulaski County,MO,52274
Pulaski County,VA,34872
Pushmataha County,OK,11572
Putnam County,FL,74364
Putnam County,GA,21218
Putnam County,IL,6006
Putnam County,IN,37963
Putnam County,MO,4979
Putnam County,NY,99710
Putnam County,OH,34499
Putnam County,TN,72321
Putnam County,WV,55486
Quay County,NM,9041
Quebradillas Municipio,PR,25919
Queen Anne's County,MD,47798
Queens County,NY,2230722
Quitman County,GA,2513
Quitman County,MS,8223
Rabun County,GA,16276
Racine County,WI,195408
Radford city,VA,16408
Rains County,TX,10914
Raleigh County,WV,78859
Ralls County,MO,10167
Ramsey County,MN,508640
Ramsey County,ND,11451
Randall County,TX,120725
Randolph County,AL,22913
Randolph County,AR,17969
Randolph County,GA,7719
Randolph County,IL,33476
Randolph County,IN,26171
Randolph County,MO,25414
Randolph County,NC,141752
Randolph County,WV,29405
Rankin County,MS,141617
Ransom County,ND,5457
Rapides Parish,LA,131613
Rappahannock County,VA,7373
Ravalli County,MT,40212
Rawlins County,KS,2519
Ray County,MO,23494
Reagan County,TX,3367
Real County,TX,3309
Red Lake County,MN,4089
Red River County,TX,12860
Red River Parish,LA,9091
Red Willow County,NE,11055
Redwood County,MN,16059
Reeves County,TX,13783
Refugio County,TX,7383
Reno County,KS,64511
Rensselaer County,NY,159429
Renville County,MN,15730
Renville County,ND,2470
Republic County,KS,4980
Reynolds County,MO,6696
Rhea County,TN,31809
Rice County,KS,10083
Rice County,MN,64142
Rich County,UT,2264
Richardson County,NE,8363
Richland County,IL,16233
Richland County,MT,9746
Richland County,ND,16321
Richland County,OH,124475
Richland County,SC,384504
Richland County,WI,18021
Richland Parish,LA,20725
Richmond County,GA,200549
Richmond County,NC,46639
Richmond County,NY,468730
Richmond County,VA,9254
Richmond city,VA,204214
Riley County,KS,71115
Rincón Municipio,PR,15200
Ringgold County,IA,5131
Rio Arriba County,NM,40246
Rio Blanco County,CO,6666
Rio Grande County,CO,11982
Ripley County,IN,28818
Ripley County,MO,14100
Ritchie County,WV,10449
Riverside County,CA,2189641
Roane County,TN,54181
Roane County,WV,14926
Roanoke County,VA,92376
Roanoke city,VA,97032
Roberts County,SD,10149
Roberts County,TX,929
Robertson County,KY,2282
Robertson County,TN,66283
Robertson County,TX,16622
Robeson County,NC,134168
Rock County,MN,9687
Rock County,NE,1526
Rock County,WI,160331
Rock Island County,IL,147546
Rockbridge County,VA,22307
Rockcastle County,KY,17056
Rockdale County,GA,85215
Rockingham County,NC,93643
Rockingham County,NH,295223
Rockingham County,VA,76314
Rockland County,NY,311687
Rockwall County,TX,78337
Roger Mills County,OK,3647
Rogers County,OK,86905
Rolette County,ND,13937
Rooks County,KS,5181
Roosevelt County,MT,10425
Roosevelt County,NM,19846
Roscommon County,MI,24449
Roseau County,MN,15629
Rosebud County,MT,9233
Ross County,OH,78064
Routt County,CO,23509
Rowan County,KY,23333
Rowan County,NC,138428
Runnels County,TX,10501
Rush County,IN,17392
Rush County,KS,3307
Rusk County,TX,53330
Rusk County,WI,14755
Russell County,AL,52947
Russell County,KS,6970
Russell County,KY,17565
Russell County,VA,28897
Rutherford County,NC,67810
Rutherford County,TN,262604
Rutland County,VT,61642
Río Grande Municipio,PR,54304
Sabana Grande Municipio,PR,25265
Sabine County,TX,10834
Sabine Parish,LA,24233
Sac County,IA,10350
Sacramento County,CA,1418788
Sagadahoc County,ME,35293
Saginaw County,MI,200169
Saguache County,CO,6108
Salem County,NJ,66083
Salem city,VA,24802
Salinas Municipio,PR,31078
Saline County,AR,107118
Saline County,IL,24913
Saline County,KS,55606
Saline County,MO,23370
Saline County,NE,14200
Salt Lake County,UT,1029655
Saluda County,SC,19875
Sampson County,NC,63431
San Augustine County,TX,8865
San Benito County,CA,55269
San Bernardino County,CA,2035210
San Diego County,CA,3095313
San Francisco County,CA,805235
San Germán Municipio,PR,35527
San Jacinto County,TX,26384
San Joaquin County,CA,685306
San Juan County,CO,699
San Juan County,NM,130044
San Juan County,UT,14746
San Juan County,WA,15769
San Juan Municipio,PR,395326
San Lorenzo Municipio,PR,41058
San Luis Obispo County,CA,269637
San Mateo County,CA,718451
San Miguel County,CO,7359
San Miguel County,NM,29393
San Patricio County,TX,64804
San Saba County,TX,6131
San Sebastián Municipio,PR,42430
Sanborn County,SD,2355
Sanders County,MT,11413
Sandoval County,NM,131561
Sandusky County,OH,60944
Sangamon County,IL,197465
Sanilac County,MI,43114
Sanpete County,UT,27822
Santa Barbara County,CA,423895
Santa Clara County,CA,1781642
Santa Cruz County,AZ,47420
Santa Cruz County,CA,262382
Santa Fe County,NM,144170
Santa Isabel Municipio,PR,23274
Santa Rosa County,FL,151372
Sarasota County,FL,379448
Saratoga County,NY,219607
Sargent County,ND,3829
Sarpy County,NE,158840
Sauk County,WI,61976
Saunders County,NE,20780
Sawyer County,WI,16557
Schenectady County,NY,154727
Schleicher County,TX,3461
Schley County,GA,5010
Schoharie County,NY,32749
Schoolcraft County,MI,8485
Schuyler County,IL,7544
Schuyler County,MO,4431
Schuyler County,NY,18343
Schuylkill County,PA,148289
Scioto County,OH,79499
Scotland County,MO,4843
Scotland County,NC,36157
Scott County,AR,11233
Scott County,IA,165224
Scott County,IL,5355
Scott County,IN,24181
Scott County,KS,4936
Scott County,KY,47173
Scott County,MN,129928
Scott County,MO,39191
Scott County,MS,28264
Scott County,TN,22228
Scott County,VA,23177
Scotts Bluff County,NE,36970
Screven County,GA,14593
Scurry County,TX,16921
Searcy County,AR,8195
Sebastian County,AR,125744
Sedgwick County,CO,2379
Sedgwick County,KS,498365
Seminole County,FL,422718
Seminole County,GA,8729
Seminole County,OK,25482
Seneca County,NY,35251
Seneca County,OH,56745
Sequatchie County,TN,14112
Sequoyah County,OK,42391
Sevier County,AR,17058
Sevier County,TN,89889
Sevier County,UT,20802
Seward County,KS,22952
Seward County,NE,16750
Shackelford County,TX,3378
Shannon County,MO,8441
Sharkey County,MS,4916
Sharp County,AR,17264
Shasta County,CA,177223
Shawano County,WI,41949
Shawnee County,KS,177934
Sheboygan County,WI,115507
Shelby County,AL,195085
Shelby County,IA,12167
Shelby County,IL,22363
Shelby County,IN,44436
Shelby County,KY,42074
Shelby County,MO,6373
Shelby County,OH,49423
Shelby County,TN,927644
Shelby County,TX,25448
Shenandoah County,VA,41993
Sherburne County,MN,88499
Sheridan County,KS,2556
Sheridan County,MT,3384
Sheridan County,ND,1321
Sheridan County,NE,5469
Sheridan County,WY,29116
Sherman County,KS,6010
Sherman County,NE,3152
Sherman County,OR,1765
Sherman County,TX,3034
Shiawassee County,MI,70648
Shoshone County,ID,12765
Sibley County,MN,15226
Sierra County,CA,3240
Sierra County,NM,11988
Silver Bow County,MT,34200
Simpson County,KY,17327
Simpson County,MS,27503
Sioux County,IA,33704
Sioux County,ND,4153
Sioux County,NE,1311
Siskiyou County,CA,44900
Sitka City and Borough,AK,8881
Skagit County,WA,116901
Skagway Municipality,AK,968
Skamania County,WA,11066
Slope County,ND,727
Smith County,KS,3853
Smith County,MS,16491
Smith County,TN,19166
Smith County,TX,209714
Smyth County,VA,32208
Snohomish County,WA,713335
Snyder County,PA,39702
Socorro County,NM,17866
Solano County,CA,413344
Somerset County,MD,26470
Somerset County,ME,52228
Somerset County,NJ,323444
Somerset County,PA,77742
Somervell County,TX,8490
Sonoma County,CA,483878
Southampton County,VA,18570
Southeast Fairbanks Census Area,AK,7029
Spalding County,GA,64073
Spartanburg County,SC,284307
Spencer County,IN,20952
Spencer County,KY,17061
Spink County,SD,6415
Spokane County,WA,471221
Spotsylvania County,VA,122397
St. Bernard Parish,LA,35897
St. Charles County,MO,360485
St. Charles Parish,LA,52780
St. Clair County,AL,83593
St. Clair County,IL,270056
St. Clair County,MI,163040
St. Clair County,MO,9805
St. Croix County,WI,84345
St. Francis County,AR,28258
St. Francois County,MO,65359
St. Helena Parish,LA,11203
St. James Parish,LA,22102
St. John the Baptist Parish,LA,45924
St. Johns County,FL,190039
St. Joseph County,IN,266931
St. Joseph County,MI,61295
St. Landry Parish,LA,83384
St. Lawrence County,NY,111944
St. Louis County,MN,200226
St. Louis County,MO,998954
St. Louis city,MO,319294
St. Lucie County,FL,277789
St. Martin Parish,LA,52160
St. Mary Parish,LA,54650
St. Mary's County,MD,105151
St. Tammany Parish,LA,233740
Stafford County,KS,4437
Stafford County,VA,128961
Stanislaus County,CA,514453
Stanley County,SD,2966
Stanly County,NC,60585
Stanton County,KS,2235
Stanton County,NE,6129
Stark County,IL,5994
Stark County,ND,24199
Stark County,OH,375586
Starke County,IN,23363
Starr County,TX,60968
Staunton city,VA,23746
Ste. Genevieve County,MO,18145
Stearns County,MN,150642
Steele County,MN,36576
Steele County,ND,1975
Stephens County,GA,26175
Stephens County,OK,45048
Stephens County,TX,9630
Stephenson County,IL,47711
Sterling County,TX,1143
Steuben County,IN,34185
Steuben County,NY,98990
Stevens County,KS,5724
Stevens County,MN,9726
Stevens County,WA,43531
Stewart County,GA,6058
Stewart County,TN,13324
Stillwater County,MT,9117
Stoddard County,MO,29968
Stokes County,NC,47401
Stone County,AR,12394
Stone County,MO,32202
Stone County,MS,17786
Stonewall County,TX,1490
Storey County,NV,4010
Story County,IA,89542
Strafford County,NH,123143
Stutsman County,ND,21100
Sublette County,WY,10247
Suffolk County,MA,722023
Suffolk County,NY,1493350
Suffolk city,VA,84585
Sullivan County,IN,21475
Sullivan County,MO,6714
Sullivan County,NH,43742
Sullivan County,NY,77547
Sullivan County,PA,6428
Sullivan County,TN,156823
Sully County,SD,1373
Summers County,WV,13927
Summit County,CO,27994
Summit County,OH,541781
Summit County,UT,36324
Sumner County,KS,24132
Sumner County,TN,160645
Sumter County,AL,13763
Sumter County,FL,93420
Sumter County,GA,32819
Sumter County,SC,107456
Sunflower County,MS,29450
Surry County,NC,73673
Surry County,VA,7058
Susquehanna County,PA,43356
Sussex County,DE,197145
Sussex County,NJ,149265
Sussex County,VA,12087
Sutter County,CA,94737
Sutton County,TX,4128
Suwannee County,FL,41551
Swain County,NC,13981
Sweet Grass County,MT,3651
Sweetwater County,WY,43806
Swift County,MN,9783
Swisher County,TX,7854
Switzerland County,IN,10613
Talbot County,GA,6865
Talbot County,MD,37782
Taliaferro County,GA,1717
Talladega County,AL,82291
Tallahatchie County,MS,15378
Tallapoosa County,AL,41616
Tama County,IA,17767
Taney County,MO,51675
Tangipahoa Parish,LA,121097
Taos County,NM,32937
Tarrant County,TX,1809034
Tate County,MS,28886
Tattnall County,GA,25520
Taylor County,FL,22570
Taylor County,GA,8906
Taylor County,IA,6317
Taylor County,KY,24512
Taylor County,TX,131506
Taylor County,WI,20689
Taylor County,WV,16895
Tazewell County,IL,135394
Tazewell County,VA,45078
Tehama County,CA,63463
Telfair County,GA,16500
Teller County,CO,23350
Tensas Parish,LA,5252
Terrebonne Parish,LA,111860
Terrell County,GA,9315
Terrell County,TX,984
Terry County,TX,12651
Teton County,ID,10170
Teton County,MT,6073
Teton County,WY,21294
Texas County,MO,26008
Texas County,OK,20640
Thayer County,NE,5228
Thomas County,GA,44720
Thomas County,KS,7900
Thomas County,NE,647
Throckmorton County,TX,1641
Thurston County,NE,6940
Thurston County,WA,252264
Tift County,GA,40118
Tillamook County,OR,25250
Tillman County,OK,7992
Tioga County,NY,51125
Tioga County,PA,41981
Tippah County,MS,22232
Tippecanoe County,IN,172780
Tipton County,IN,15936
Tipton County,TN,61081
Tishomingo County,MS,19593
Titus County,TX,32334
Toa Alta Municipio,PR,74066
Toa Baja Municipio,PR,89609
Todd County,KY,12460
Todd County,MN,24895
Todd County,SD,9612
Tolland County,CT,152691
Tom Green County,TX,110224
Tompkins County,NY,101564
Tooele County,UT,58218
Toole County,MT,5324
Toombs County,GA,27223
Torrance County,NM,16383
Towner County,ND,2246
Towns County,GA,10471
Traill County,ND,8121
Transylvania County,NC,33090
Traverse County,MN,3558
Travis County,TX,1024266
Treasure County,MT,718
Trego County,KS,3001
Trempealeau County,WI,28816
Treutlen County,GA,6885
Trigg County,KY,14339
Trimble County,KY,8809
Trinity County,CA,13786
Trinity County,TX,14585
Tripp County,SD,5644
Troup County,GA,67044
Trousdale County,TN,7870
Trujillo Alto Municipio,PR,74842
Trumbull County,OH,210312
Tucker County,WV,7141
Tulare County,CA,442179
Tulsa County,OK,603403
Tunica County,MS,10778
Tuolumne County,CA,55365
Turner County,GA,8930
Turner County,SD,8347
Tuscaloosa County,AL,194656
Tuscarawas County,OH,92582
Tuscola County,MI,55729
Twiggs County,GA,9023
Twin Falls County,ID,77230
Tyler County,TX,21766
Tyler County,WV,9208
Tyrrell County,NC,4407
Uinta County,WY,21118
Uintah County,UT,32588
Ulster County,NY,182493
Umatilla County,OR,75889
Unicoi County,TN,18313
Union County,AR,41639
Union County,FL,15535
Union County,GA,21356
Union County,IA,12534
Union County,IL,17808
Union County,IN,7516
Union County,KY,15007
Union County,MS,27134
Union County,NC,201292
Union County,NJ,536499
Union County,NM,4549
Union County,OH,52300
Union County,OR,25748
Union County,PA,44947
Union County,SC,28961
Union County,SD,14399
Union County,TN,19109
Union Parish,LA,22721
Upshur County,TX,39309
Upshur County,WV,24254
Upson County,GA,27153
Upton County,TX,3355
Utah County,UT,516564
Utuado Municipio,PR,33149
Uvalde County,TX,26405
Val Verde County,TX,48879
Valdez-Cordova Census Area,AK,9636
Valencia County,NM,76569
Valley County,ID,9862
Valley County,MT,7369
Valley County,NE,4260
Van Buren County,AR,17295
Van Buren County,IA,7570
Van Buren County,MI,76258
Van Buren County,TN,5548
Van Wert County,OH,28744
Van Zandt County,TX,52579
Vance County,NC,45422
Vanderburgh County,IN,179703
Vega Alta Municipio,PR,39951
Vega Baja Municipio,PR,59662
Venango County,PA,54984
Ventura County,CA,823318
Vermilion County,IL,81625
Vermilion Parish,LA,57999
Vermillion County,IN,16212
Vernon County,MO,21159
Vernon County,WI,29773
Vernon Parish,LA,52334
Victoria County,TX,86793
Vieques Municipio,PR,9301
Vigo County,IN,107848
Vilas County,WI,21430
Villalba Municipio,PR,26073
Vinton County,OH,13435
Virginia Beach city,VA,437994
Volusia County,FL,494593
Wabash County,IL,11947
Wabash County,IN,32888
Wabasha County,MN,21676
Wabaunsee County,KS,7053
Wadena County,MN,13843
Wagoner County,OK,73085
Wahkiakum County,WA,3978
Wake County,NC,900993
Wakulla County,FL,30776
Waldo County,ME,38786
Walker County,AL,67023
Walker County,GA,68756
Walker County,TX,67861
Walla Walla County,WA,58781
Wallace County,KS,1485
Waller County,TX,43205
Wallowa County,OR,7008
Walsh County,ND,11119
Walthall County,MS,15443
Walton County,FL,55043
Walton County,GA,83768
Walworth County,SD,5438
Walworth County,WI,102228
Wapello County,IA,35625
Ward County,ND,61675
Ward County,TX,10658
Ware County,GA,36312
Warren County,GA,5834
Warren County,IA,46225
Warren County,IL,17707
Warren County,IN,8508
Warren County,KY,113792
Warren County,MO,32513
Warren County,MS,48773
Warren County,NC,20972
Warren County,NJ,108692
Warren County,NY,65707
Warren County,OH,212693
Warren County,PA,41815
Warren County,TN,39839
Warren County,VA,37575
Warrick County,IN,59689
Wasatch County,UT,23530
Wasco County,OR,25213
Waseca County,MN,19136
Washakie County,WY,8533
Washburn County,WI,15911
Washington County,AL,17581
Washington County,AR,203065
Washington County,CO,4814
Washington County,FL,24896
Washington County,GA,21187
Washington County,IA,21704
Washington County,ID,10198
Washington County,IL,14716
Washington County,IN,28262
Washington County,KS,5799
Washington County,KY,11717
Washington County,MD,147430
Washington County,ME,32856
Washington County,MN,238136
Washington County,MO,25195
Washington County,MS,51137
Washington County,NC,13228
Washington County,NE,20234
Washington County,NY,63216
Washington County,OH,61778
Washington County,OK,50976
Washington County,OR,529710
Washington County,PA,207820
Washington County,RI,126979
Washington County,TN,122979
Washington County,TX,33718
Washington County,UT,138115
Washington County,VA,54876
Washington County,VT,59534
Washington County,WI,131887
Washington Parish,LA,47168
Washita County,OK,11629
Washoe County,NV,421407
Washtenaw County,MI,344791
Watauga County,NC,51079
Watonwan County,MN,11211
Waukesha County,WI,389891
Waupaca County,WI,52410
Waushara County,WI,24496
Wayne County,GA,30099
Wayne County,IA,6403
Wayne County,IL,16760
Wayne County,IN,68917
Wayne County,KY,20813
Wayne County,MI,1820584
Wayne County,MO,13521
Wayne County,MS,20747
Wayne County,NC,122623
Wayne County,NE,9595
Wayne County,NY,93772
Wayne County,OH,114520
Wayne County,PA,52822
Wayne County,TN,17021
Wayne County,UT,2778
Wayne County,WV,42481
Waynesboro city,VA,21006
Weakley County,TN,35021
Webb County,TX,250304
Weber County,UT,231236
Webster County,GA,2799
Webster County,IA,38013
Webster County,KY,13621
Webster County,MO,36202
Webster County,MS,10253
Webster County,NE,3812
Webster County,WV,9154
Webster Parish,LA,41207
Weld County,CO,252825
Wells County,IN,27636
Wells County,ND,4207
West Baton Rouge Parish,LA,23788
West Carroll Parish,LA,11604
West Feliciana Parish,LA,15625
Westchester County,NY,949113
Westmoreland County,PA,365169
Westmoreland County,VA,17454
Weston County,WY,7208
Wetzel County,WV,16583
Wexford County,MI,32735
Wharton County,TX,41280
Whatcom County,WA,201140
Wheatland County,MT,2168
Wheeler County,GA,7421
Wheeler County,NE,818
Wheeler County,OR,1441
Wheeler County,TX,5410
White County,AR,77076
White County,GA,27144
White County,IL,14665
White County,IN,24643
White County,TN,25841
White Pine County,NV,10030
Whiteside County,IL,58498
Whitfield County,GA,102599
Whitley County,IN,33292
Whitley County,KY,35637
Whitman County,WA,44776
Wibaux County,MT,1017
Wichita County,KS,2234
Wichita County,TX,131500
Wicomico County,MD,98733
Wilbarger County,TX,13535
Wilcox County,AL,11670
Wilcox County,GA,9255
Wilkes County,GA,10593
Wilkes County,NC,69340
Wilkin County,MN,6576
Wilkinson County,GA,9563
Wilkinson County,MS,9878
Will County,IL,677560
Willacy County,TX,22134
Williams County,ND,22398
Williams County,OH,37642
Williamsburg County,SC,34423
Williamsburg city,VA,14068
Williamson County,IL,66357
Williamson County,TN,183182
Williamson County,TX,422679
Wilson County,KS,9409
Wilson County,NC,81234
Wilson County,TN,113993
Wilson County,TX,42918
Winchester city,VA,26203
Windham County,CT,118428
Windham County,VT,44513
Windsor County,VT,56670
Winkler County,TX,7110
Winn Parish,LA,15313
Winnebago County,IA,10866
Winnebago County,IL,295266
Winnebago County,WI,166994
Winneshiek County,IA,21056
Winona County,MN,51461
Winston County,AL,24484
Winston County,MS,19198
Wirt County,WV,5717
Wise County,TX,59127
Wise County,VA,41452
Wolfe County,KY,7355
Wood County,OH,125488
Wood County,TX,41964
Wood County,WI,74749
Wood County,WV,86956
Woodbury County,IA,102172
Woodford County,IL,38664
Woodford County,KY,24939
Woodruff County,AR,7260
Woods County,OK,8878
Woodson County,KS,3309
Woodward County,OK,20081
Worcester County,MA,798552
Worcester County,MD,51454
Worth County,GA,21679
Worth County,IA,7598
Worth County,MO,2171
Wrangell City and Borough,AK,2369
Wright County,IA,13229
Wright County,MN,124700
Wright County,MO,18815
Wyandot County,OH,22615
Wyandotte County,KS,157505
Wyoming County,NY,42155
Wyoming County,PA,28276
Wyoming County,WV,23796
Wythe County,VA,29235
Yabucoa Municipio,PR,37941
Yadkin County,NC,38406
Yakima County,WA,243231
Yakutat City and Borough,AK,662
Yalobusha County,MS,12678
Yamhill County,OR,99193
Yancey County,NC,17818
Yankton County,SD,22438
Yates County,NY,25348
Yauco Municipio,PR,42043
Yavapai County,AZ,211033
Yazoo County,MS,28065
Yell County,AR,22185
Yellow Medicine County,MN,10438
Yellowstone County,MT,147972
Yoakum County,TX,7879
Yolo County,CA,200849
York County,ME,197131
York County,NE,13665
York County,PA,434972
York County,SC,226073
York County,VA,65464
Young County,TX,18550
Yuba County,CA,72155
Yukon-Koyukuk Census Area,AK,5588
Yuma County,AZ,195751
Yuma County,CO,10043
Zapata County,TX,14018
Zavala County,TX,11677
Ziebach County,SD,2801
